workspace	repository	commit	branch	remote	status
tracer3	/home/skki/5G_slam_edge/src/pointcloud_to_laserscan	59bf996fb3ee7db0026a5cd3ce0d2a39d2e602ea	humble	https://github.com/ros-perception/pointcloud_to_laserscan.git	0 modified entries
tracer3	/home/skki/5G_slam_edge/src/rslidar_msg	fe8a95cb242bd294cc3d5e3422f2093fb49a56ee	master	https://github.com/RoboSense-LiDAR/rslidar_msg.git	0 modified entries
tracer3	/home/skki/5G_slam_edge/src/rslidar_sdk	6c8c48ce92daac4c7c8ee42f233b245f366e5491	main	https://github.com/kidneygood/rslidar_sdk.git	3 modified entries
tracer3	/home/skki/5G_slam_edge/src/tracer_ros2	a5f507fde84d056604cee37e6f206eece77fc59a	master	https://github.com/agilexrobotics/tracer_ros2.git	18 modified entries
tracer3	/home/skki/5G_slam_edge/src/ugv_sdk	012a9aa02436ffe2ef66f211dd193be7b69902ba	main	https://github.com/agilexrobotics/ugv_sdk.git	85 modified entries
tracer3	/home/skki/rslidar_slam/src/m-explore-ros2	926033fdef55af37ec0455660c0e4d00aa47e82f	main	https://github.com/robo-friends/m-explore-ros2.git	2 modified entries
tracer3	/home/skki/rslidar_slam/src/rslidar_msg	fe8a95cb242bd294cc3d5e3422f2093fb49a56ee	master	https://github.com/RoboSense-LiDAR/rslidar_msg.git	0 modified entries
tracer3	/home/skki/rslidar_slam/src/rslidar_sdk	9ed16d9735dc64a7827001dcefc1ce6ba9fa9e58	main	https://github.com/RoboSense-LiDAR/rslidar_sdk.git	10 modified entries
tracer3	/home/skki/rslidar_slam/src/rslidar_sdk/src/rs_driver	ada8329742228c1277f419f0f1667d208ac502ba	main	https://github.com/RoboSense-LiDAR/rs_driver.git	0 modified entries
tracer3	/home/skki/rslidar_slam/src/slam_gmapping	3c3de50c071d2c64ffe516e1ed84a574fc447b97	eloquent-devel	https://github.com/Project-MANAS/slam_gmapping	2 modified entries
